packageName,timestamp
com.google.android.youtube,1768770735000
com.instagram.android,1768771445000
com.google.android.youtube,1768772304000
com.whatsapp,1768777933000
com.google.android.youtube,1768781351000
com.linkedin.android,1768784749000
com.instagram.android,1768787120000
com.instagram.android,1768788133000
com.google.android.youtube,1768789079000
com.linkedin.android,1768790129000
com.google.android.youtube,1768793883000
com.whatsapp,1768795725000
com.google.android.youtube,1768796030000
com.google.android.youtube,1768798950000
com.google.android.youtube,1768801105000
com.google.android.youtube,1768802296000
com.google.android.youtube,1768802635000
com.google.android.youtube,1768803918000
com.google.android.youtube,1768804209000
com.google.android.youtube,1768805574000
com.instagram.android,1768806293000
com.instagram.android,1768806685000
com.google.android.youtube,1768807131000
com.google.android.youtube,1768808636000
com.whatsapp,1768811029000
com.google.android.youtube,1768812379000
com.whatsapp,1768813154000
com.instagram.android,1768813603000
com.instagram.android,1768815978000
com.instagram.android,1768817904000
com.instagram.android,1768820202000
com.whatsapp,1768821407000
com.linkedin.android,1768823455000
com.linkedin.android,1768824012000
com.instagram.android,1768824439000
com.whatsapp,1768825547000
com.whatsapp,1768828409000
com.linkedin.android,1768828600000
com.whatsapp,1768830460000
com.linkedin.android,1768831187000
com.linkedin.android,1768831597000
com.instagram.android,1768834263000
com.whatsapp,1768835575000
com.instagram.android,1768835969000
com.google.android.youtube,1768836236000
com.instagram.android,1768836928000
com.whatsapp,1768837004000
com.whatsapp,1768837216000
com.instagram.android,1768837529000
com.linkedin.android,1768839064000
com.google.android.youtube,1768839869000
com.google.android.youtube,1768840250000
com.whatsapp,1768840836000
com.linkedin.android,1768841057000
com.google.android.youtube,1768841590000
com.instagram.android,1768841698000
com.instagram.android,1768841781000
com.whatsapp,1768842206000
com.google.android.youtube,1768842612000
com.instagram.android,1768842850000
com.google.android.youtube,1768843122000
com.instagram.android,1768844135000
com.whatsapp,1768845214000
com.instagram.android,1768846028000
com.instagram.android,1768848228000
com.linkedin.android,1768848384000
com.instagram.android,1768848475000
com.whatsapp,1768849857000
com.google.android.youtube,1768850500000
com.whatsapp,1768851549000
com.google.android.youtube,1768852113000
com.whatsapp,1768857890000
com.google.android.youtube,1768865810000
com.whatsapp,1768874170000
com.linkedin.android,1768875397000
com.google.android.youtube,1768875619000
com.whatsapp,1768875788000
com.google.android.youtube,1768883707000
com.google.android.youtube,1768885821000
com.google.android.youtube,1768887789000
com.google.android.youtube,1768889912000
com.google.android.youtube,1768892116000
com.instagram.android,1768892761000
com.whatsapp,1768894028000
com.whatsapp,1768894579000
com.instagram.android,1768895636000
com.instagram.android,1768896581000
com.whatsapp,1768897648000
com.instagram.android,1768898257000
com.google.android.youtube,1768898907000
com.instagram.android,1768899946000
com.instagram.android,1768901034000
com.instagram.android,1768901550000
com.instagram.android,1768901993000
com.instagram.android,1768903113000
com.instagram.android,1768903466000
com.instagram.android,1768906677000
com.instagram.android,1768906716000
com.linkedin.android,1768907229000
com.whatsapp,1768907433000
com.linkedin.android,1768907548000
com.google.android.youtube,1768907881000
com.linkedin.android,1768908189000
com.whatsapp,1768909613000
com.linkedin.android,1768910469000
com.whatsapp,1768911601000
com.instagram.android,1768911733000
com.linkedin.android,1768911879000
com.whatsapp,1768914425000
com.linkedin.android,1768919255000
com.whatsapp,1768919476000
com.linkedin.android,1768919722000
com.whatsapp,1768920977000
com.linkedin.android,1768921335000
com.instagram.android,1768921482000
com.google.android.youtube,1768921561000
com.linkedin.android,1768922056000
com.instagram.android,1768922124000
com.instagram.android,1768922251000
com.whatsapp,1768922397000
com.google.android.youtube,1768924515000
com.google.android.youtube,1768925057000
com.whatsapp,1768925585000
com.linkedin.android,1768925883000
com.google.android.youtube,1768926340000
com.instagram.android,1768926866000
com.linkedin.android,1768927777000
com.instagram.android,1768928107000
com.whatsapp,1768928233000
com.whatsapp,1768928456000
com.google.android.youtube,1768928813000
com.instagram.android,1768930069000
com.whatsapp,1768930811000
com.whatsapp,1768930973000
com.instagram.android,1768932393000
com.google.android.youtube,1768933494000
com.whatsapp,1768933570000
com.instagram.android,1768934918000
com.whatsapp,1768936118000
com.google.android.youtube,1768936614000
com.whatsapp,1768937149000
com.linkedin.android,1768937453000
com.google.android.youtube,1768940178000
com.instagram.android,1768941141000
com.linkedin.android,1768941651000
com.google.android.youtube,1768945173000
com.google.android.youtube,1768952109000
com.whatsapp,1768959997000
com.whatsapp,1768960205000
com.instagram.android,1768961155000
com.whatsapp,1768961209000
com.google.android.youtube,1768962552000
com.google.android.youtube,1768970779000
com.google.android.youtube,1768972327000
com.google.android.youtube,1768975363000
com.linkedin.android,1768978963000
com.instagram.android,1768979301000
com.linkedin.android,1768979389000
com.instagram.android,1768982530000
com.linkedin.android,1768984047000
com.whatsapp,1768984954000
com.google.android.youtube,1768985917000
com.instagram.android,1768986298000
com.instagram.android,1768987017000
com.instagram.android,1768988984000
com.instagram.android,1768990173000
com.instagram.android,1768990587000
com.instagram.android,1768991542000
com.instagram.android,1768991756000
com.google.android.youtube,1768993371000
com.whatsapp,1768994159000
com.linkedin.android,1768995128000
com.whatsapp,1768996199000
com.google.android.youtube,1768996973000
com.linkedin.android,1768998887000
com.whatsapp,1768999648000
com.linkedin.android,1768999773000
com.whatsapp,1769000438000
com.linkedin.android,1769001220000
com.whatsapp,1769002858000
com.linkedin.android,1769004100000
com.instagram.android,1769004135000
com.linkedin.android,1769006814000
com.whatsapp,1769007138000
com.linkedin.android,1769007224000
com.google.android.youtube,1769007773000
com.instagram.android,1769008886000
com.whatsapp,1769009776000
com.instagram.android,1769010256000
com.google.android.youtube,1769010605000
com.whatsapp,1769011118000
com.instagram.android,1769011257000
com.linkedin.android,1769011305000
com.whatsapp,1769011870000
com.google.android.youtube,1769012174000
com.google.android.youtube,1769013316000
com.google.android.youtube,1769013849000
com.instagram.android,1769015499000
com.whatsapp,1769016969000
com.linkedin.android,1769017610000
com.whatsapp,1769018301000
com.whatsapp,1769018690000
com.whatsapp,1769018715000
com.google.android.youtube,1769019245000
com.instagram.android,1769020846000
com.whatsapp,1769022041000
com.linkedin.android,1769022820000
com.google.android.youtube,1769023015000
com.whatsapp,1769023280000
com.google.android.youtube,1769023690000
com.whatsapp,1769023929000
com.google.android.youtube,1769024783000
com.whatsapp,1769027429000
com.whatsapp,1769030971000
com.whatsapp,1769034529000
com.instagram.android,1769034842000
com.google.android.youtube,1769036844000
com.whatsapp,1769037766000
com.whatsapp,1769040487000
com.whatsapp,1769045640000
com.instagram.android,1769046517000
com.whatsapp,1769047148000
com.whatsapp,1769050141000
com.whatsapp,1769051029000
com.google.android.youtube,1769053512000
com.whatsapp,1769056693000
com.google.android.youtube,1769058057000
com.google.android.youtube,1769058701000
com.google.android.youtube,1769058962000
com.google.android.youtube,1769059792000
com.google.android.youtube,1769061616000
com.google.android.youtube,1769063406000
com.google.android.youtube,1769063487000
com.whatsapp,1769066277000
com.google.android.youtube,1769066498000
com.whatsapp,1769067462000
com.google.android.youtube,1769067838000
com.linkedin.android,1769069047000
com.google.android.youtube,1769069155000
com.google.android.youtube,1769070615000
com.instagram.android,1769071328000
com.linkedin.android,1769071851000
com.linkedin.android,1769072321000
com.instagram.android,1769072361000
com.instagram.android,1769073105000
com.instagram.android,1769073422000
com.instagram.android,1769074301000
com.instagram.android,1769075240000
com.instagram.android,1769075416000
com.instagram.android,1769076337000
com.instagram.android,1769076699000
com.whatsapp,1769079749000
com.whatsapp,1769080415000
com.whatsapp,1769081582000
com.whatsapp,1769082354000
com.linkedin.android,1769083207000
com.google.android.youtube,1769083265000
com.instagram.android,1769083495000
com.whatsapp,1769083551000
com.instagram.android,1769087471000
com.linkedin.android,1769088272000
com.whatsapp,1769090522000
com.linkedin.android,1769091200000
com.whatsapp,1769092695000
com.whatsapp,1769092855000
com.whatsapp,1769094132000
com.instagram.android,1769094460000
com.google.android.youtube,1769094604000
com.instagram.android,1769095833000
com.whatsapp,1769096854000
com.instagram.android,1769097039000
com.google.android.youtube,1769097098000
com.google.android.youtube,1769097396000
com.google.android.youtube,1769098128000
com.google.android.youtube,1769099312000
com.linkedin.android,1769099346000
com.whatsapp,1769099584000
com.instagram.android,1769099715000
com.whatsapp,1769100453000
com.instagram.android,1769100577000
com.instagram.android,1769101283000
com.whatsapp,1769102318000
com.instagram.android,1769102678000
com.google.android.youtube,1769104088000
com.whatsapp,1769104300000
com.google.android.youtube,1769105414000
com.whatsapp,1769105617000
com.instagram.android,1769105751000
com.google.android.youtube,1769106096000
com.instagram.android,1769106197000
com.whatsapp,1769107349000
com.linkedin.android,1769108477000
com.instagram.android,1769109563000
com.whatsapp,1769111319000
com.linkedin.android,1769111975000
com.whatsapp,1769117094000
com.google.android.youtube,1769121249000
com.google.android.youtube,1769130402000
com.linkedin.android,1769132338000
com.google.android.youtube,1769133397000
com.google.android.youtube,1769133655000
com.linkedin.android,1769133923000
com.google.android.youtube,1769135960000
com.google.android.youtube,1769145057000
com.google.android.youtube,1769148185000
com.google.android.youtube,1769148816000
com.google.android.youtube,1769148966000
com.google.android.youtube,1769150781000
com.google.android.youtube,1769151232000
com.google.android.youtube,1769151265000
com.whatsapp,1769152370000
com.google.android.youtube,1769155763000
com.linkedin.android,1769156782000
com.instagram.android,1769156972000
com.instagram.android,1769158888000
com.instagram.android,1769159584000
com.instagram.android,1769162900000
com.instagram.android,1769163923000
com.whatsapp,1769166277000
com.linkedin.android,1769169153000
com.instagram.android,1769170731000
com.whatsapp,1769171370000
com.linkedin.android,1769171575000
com.linkedin.android,1769173356000
com.instagram.android,1769174258000
com.whatsapp,1769175751000
com.linkedin.android,1769177370000
com.whatsapp,1769177637000
com.google.android.youtube,1769179548000
com.linkedin.android,1769179765000
com.instagram.android,1769180897000
com.google.android.youtube,1769180991000
com.instagram.android,1769181268000
com.google.android.youtube,1769181414000
com.whatsapp,1769183219000
com.whatsapp,1769183543000
com.linkedin.android,1769184027000
com.google.android.youtube,1769184501000
com.whatsapp,1769186484000
com.instagram.android,1769187336000
com.whatsapp,1769187994000
com.google.android.youtube,1769188142000
com.whatsapp,1769190489000
com.whatsapp,1769191023000
com.linkedin.android,1769191519000
com.google.android.youtube,1769192829000
com.whatsapp,1769193292000
com.google.android.youtube,1769194532000
com.whatsapp,1769195088000
com.google.android.youtube,1769195591000
com.linkedin.android,1769198036000
com.whatsapp,1769198191000
com.whatsapp,1769198280000
com.instagram.android,1769200736000
com.linkedin.android,1769203353000
com.linkedin.android,1769209007000
com.google.android.youtube,1769209898000
com.google.android.youtube,1769211937000
com.whatsapp,1769217379000
com.google.android.youtube,1769217905000
com.instagram.android,1769222240000
com.google.android.youtube,1769225774000
com.whatsapp,1769226851000
com.linkedin.android,1769227426000
com.google.android.youtube,1769230883000
com.google.android.youtube,1769232026000
com.google.android.youtube,1769234438000
com.google.android.youtube,1769234633000
com.google.android.youtube,1769235694000
com.google.android.youtube,1769237258000
com.google.android.youtube,1769239336000
com.linkedin.android,1769242463000
com.google.android.youtube,1769243506000
com.whatsapp,1769243606000
com.google.android.youtube,1769244018000
com.google.android.youtube,1769244366000
com.instagram.android,1769245433000
com.instagram.android,1769246821000
com.instagram.android,1769248171000
com.instagram.android,1769249647000
com.instagram.android,1769249772000
com.instagram.android,1769249975000
com.instagram.android,1769251428000
com.instagram.android,1769251461000
com.instagram.android,1769252313000
com.whatsapp,1769253536000
com.linkedin.android,1769254856000
com.instagram.android,1769257314000
com.linkedin.android,1769258346000
com.linkedin.android,1769260084000
com.whatsapp,1769262837000
com.whatsapp,1769263657000
com.whatsapp,1769263974000
com.whatsapp,1769264217000
com.linkedin.android,1769265024000
com.google.android.youtube,1769265458000
com.whatsapp,1769266838000
com.google.android.youtube,1769266944000
com.instagram.android,1769267020000
com.google.android.youtube,1769268253000
com.whatsapp,1769268462000
com.instagram.android,1769269050000
com.instagram.android,1769270284000
com.google.android.youtube,1769270564000
com.whatsapp,1769270681000
com.google.android.youtube,1769271092000
com.whatsapp,1769271955000
com.google.android.youtube,1769272593000
com.google.android.youtube,1769273961000
com.google.android.youtube,1769274037000
com.whatsapp,1769275331000
com.google.android.youtube,1769276287000
com.instagram.android,1769276417000
com.whatsapp,1769276687000
com.whatsapp,1769280565000
com.instagram.android,1769280647000
com.google.android.youtube,1769280980000
com.instagram.android,1769281039000
com.instagram.android,1769281430000
com.whatsapp,1769282692000
com.linkedin.android,1769283367000
com.whatsapp,1769283879000
com.google.android.youtube,1769284238000
com.google.android.youtube,1769293391000
com.instagram.android,1769295882000
com.google.android.youtube,1769295977000
com.linkedin.android,1769301838000
com.whatsapp,1769304660000
com.instagram.android,1769305629000
com.instagram.android,1769307575000
com.whatsapp,1769307611000
com.linkedin.android,1769309125000
com.google.android.youtube,1769310453000
com.instagram.android,1769310742000
com.google.android.youtube,1769313647000
com.whatsapp,1769313975000
com.google.android.youtube,1769317273000
com.google.android.youtube,1769318801000
com.google.android.youtube,1769320272000
com.google.android.youtube,1769320721000
com.google.android.youtube,1769321726000
com.google.android.youtube,1769322129000
com.google.android.youtube,1769322678000
com.whatsapp,1769324808000
com.instagram.android,1769325352000
com.whatsapp,1769325410000
com.google.android.youtube,1769326635000
com.whatsapp,1769326925000
com.google.android.youtube,1769328467000
com.linkedin.android,1769328568000
com.whatsapp,1769328724000
com.whatsapp,1769329763000
com.google.android.youtube,1769329987000
com.instagram.android,1769331250000
com.instagram.android,1769331686000
com.instagram.android,1769332834000
com.instagram.android,1769332906000
com.instagram.android,1769333324000
com.instagram.android,1769335442000
com.instagram.android,1769336141000
com.google.android.youtube,1769339029000
com.linkedin.android,1769339068000
com.whatsapp,1769341739000
com.linkedin.android,1769341906000
com.linkedin.android,1769342484000
com.instagram.android,1769343652000
com.whatsapp,1769344883000
com.linkedin.android,1769345836000
com.linkedin.android,1769345931000
com.linkedin.android,1769347434000
com.google.android.youtube,1769348367000
com.whatsapp,1769349478000
com.linkedin.android,1769350246000
com.instagram.android,1769350922000
com.whatsapp,1769351027000
com.linkedin.android,1769351693000
com.whatsapp,1769352795000
com.whatsapp,1769353373000
com.google.android.youtube,1769353479000
com.google.android.youtube,1769353657000
com.linkedin.android,1769354209000
com.google.android.youtube,1769354365000
com.linkedin.android,1769356302000
com.instagram.android,1769356462000
com.google.android.youtube,1769356567000
com.whatsapp,1769356841000
com.whatsapp,1769356986000
com.google.android.youtube,1769358610000
com.whatsapp,1769358834000
com.instagram.android,1769359064000
com.whatsapp,1769361361000
com.instagram.android,1769362112000
com.whatsapp,1769362611000
com.whatsapp,1769364125000
com.google.android.youtube,1769365414000
com.instagram.android,1769366690000
com.google.android.youtube,1769367150000
com.google.android.youtube,1769367832000
com.whatsapp,1769367975000
com.whatsapp,1769368762000
com.instagram.android,1769370754000
com.whatsapp,1769375684000
com.instagram.android,1769380372000
com.whatsapp,1769380956000
com.google.android.youtube,1769383375000
com.instagram.android,1769386043000
com.google.android.youtube,1769395953000
com.linkedin.android,1769398676000
com.instagram.android,1769398874000
com.google.android.youtube,1769404538000
com.google.android.youtube,1769408216000
com.google.android.youtube,1769408897000
com.google.android.youtube,1769409434000
com.google.android.youtube,1769409811000
com.google.android.youtube,1769410496000
com.whatsapp,1769411772000
com.google.android.youtube,1769413529000
com.linkedin.android,1769414144000
com.instagram.android,1769414215000
com.google.android.youtube,1769415066000
com.linkedin.android,1769416526000
com.instagram.android,1769419711000
com.instagram.android,1769420835000
com.instagram.android,1769422286000
com.instagram.android,1769423307000
com.instagram.android,1769423600000
com.instagram.android,1769423793000
com.linkedin.android,1769425672000
com.google.android.youtube,1769425903000
com.whatsapp,1769427331000
com.linkedin.android,1769429356000
com.linkedin.android,1769433987000
com.linkedin.android,1769434068000
com.whatsapp,1769436873000
com.linkedin.android,1769437138000
com.instagram.android,1769440010000
com.instagram.android,1769440046000
com.linkedin.android,1769441134000
com.whatsapp,1769442016000
com.whatsapp,1769442193000
com.google.android.youtube,1769442350000
com.instagram.android,1769442487000
com.google.android.youtube,1769443397000
com.linkedin.android,1769444021000
com.whatsapp,1769444196000
com.instagram.android,1769444390000
com.google.android.youtube,1769444427000
com.whatsapp,1769445485000
com.google.android.youtube,1769445606000
com.linkedin.android,1769445975000
com.whatsapp,1769447726000
com.instagram.android,1769447924000
com.linkedin.android,1769448843000
com.whatsapp,1769448953000
com.instagram.android,1769449566000
com.google.android.youtube,1769450352000
com.instagram.android,1769450668000
com.linkedin.android,1769450739000
com.linkedin.android,1769452111000
com.whatsapp,1769452733000
com.google.android.youtube,1769453739000
com.whatsapp,1769454216000
com.whatsapp,1769455109000
com.whatsapp,1769457420000
com.google.android.youtube,1769463846000
com.google.android.youtube,1769466127000
com.whatsapp,1769468348000
com.instagram.android,1769475143000
com.whatsapp,1769480614000
com.linkedin.android,1769481878000
com.whatsapp,1769484482000
com.whatsapp,1769486649000
com.whatsapp,1769487108000
com.instagram.android,1769487543000
com.google.android.youtube,1769490346000
com.google.android.youtube,1769490364000
com.google.android.youtube,1769491892000
com.google.android.youtube,1769494130000
com.google.android.youtube,1769495961000
com.google.android.youtube,1769496521000
com.whatsapp,1769497356000
com.linkedin.android,1769497501000
com.google.android.youtube,1769497560000
com.instagram.android,1769497823000
com.whatsapp,1769498256000
com.instagram.android,1769498845000
com.instagram.android,1769502314000
com.whatsapp,1769503420000
com.instagram.android,1769504698000
com.instagram.android,1769505979000
com.instagram.android,1769506204000
com.instagram.android,1769508232000
com.instagram.android,1769508827000
com.instagram.android,1769508942000
com.instagram.android,1769510461000
com.linkedin.android,1769512177000
com.whatsapp,1769512555000
com.linkedin.android,1769515052000
com.whatsapp,1769515828000
com.google.android.youtube,1769516676000
com.linkedin.android,1769517889000
com.whatsapp,1769518934000
com.linkedin.android,1769519603000
com.linkedin.android,1769520555000
com.instagram.android,1769521983000
com.google.android.youtube,1769522860000
com.whatsapp,1769523152000
com.linkedin.android,1769523420000
com.whatsapp,1769524534000
com.google.android.youtube,1769524832000
com.whatsapp,1769525406000
com.linkedin.android,1769526346000
com.instagram.android,1769527180000
com.whatsapp,1769527233000
com.linkedin.android,1769527580000
com.whatsapp,1769527966000
com.google.android.youtube,1769528634000
com.google.android.youtube,1769529536000
com.whatsapp,1769529579000
com.instagram.android,1769529638000
com.whatsapp,1769529670000
com.google.android.youtube,1769529881000
com.google.android.youtube,1769531098000
com.instagram.android,1769532365000
com.whatsapp,1769532620000
com.whatsapp,1769532901000
com.whatsapp,1769533971000
com.google.android.youtube,1769534247000
com.instagram.android,1769535293000
com.linkedin.android,1769535671000
com.whatsapp,1769535883000
com.linkedin.android,1769535939000
com.google.android.youtube,1769536236000
com.whatsapp,1769536470000
com.google.android.youtube,1769536807000
com.instagram.android,1769537564000
com.linkedin.android,1769538602000
com.whatsapp,1769538825000
com.google.android.youtube,1769540162000
com.whatsapp,1769540842000
com.google.android.youtube,1769541021000
com.whatsapp,1769541379000
com.google.android.youtube,1769542590000
com.whatsapp,1769543510000
com.linkedin.android,1769543576000
com.google.android.youtube,1769543728000
com.whatsapp,1769545481000
com.google.android.youtube,1769545504000
com.whatsapp,1769547144000
com.instagram.android,1769548944000
com.linkedin.android,1769549840000
com.google.android.youtube,1769552839000
com.linkedin.android,1769554577000
com.google.android.youtube,1769557321000
com.whatsapp,1769562877000
com.google.android.youtube,1769567184000
com.linkedin.android,1769569111000
com.whatsapp,1769569740000
com.whatsapp,1769573467000
com.google.android.youtube,1769577147000
com.google.android.youtube,1769579607000
com.google.android.youtube,1769580286000
com.google.android.youtube,1769580471000
com.google.android.youtube,1769580546000
com.google.android.youtube,1769582297000
com.whatsapp,1769585172000
com.linkedin.android,1769585733000
com.google.android.youtube,1769586558000
com.instagram.android,1769587273000
com.google.android.youtube,1769588882000
com.google.android.youtube,1769588977000
com.linkedin.android,1769589755000
com.google.android.youtube,1769590242000
com.linkedin.android,1769590497000
com.linkedin.android,1769590571000
com.instagram.android,1769590836000
com.instagram.android,1769595461000
com.instagram.android,1769595512000
com.instagram.android,1769596592000
com.whatsapp,1769599029000
com.linkedin.android,1769600701000
com.instagram.android,1769601704000
com.whatsapp,1769602250000
com.whatsapp,1769603052000
com.whatsapp,1769604561000
com.linkedin.android,1769604739000
com.whatsapp,1769604787000
com.whatsapp,1769605472000
com.linkedin.android,1769605732000
com.linkedin.android,1769607578000
com.whatsapp,1769607930000
com.linkedin.android,1769609197000
com.whatsapp,1769609590000
com.linkedin.android,1769609784000
com.linkedin.android,1769610801000
com.google.android.youtube,1769612645000
com.instagram.android,1769613806000
com.whatsapp,1769614570000
com.google.android.youtube,1769614880000
com.instagram.android,1769614997000
com.whatsapp,1769615451000
com.whatsapp,1769616046000
com.google.android.youtube,1769617343000
com.linkedin.android,1769617948000
com.instagram.android,1769618438000
com.google.android.youtube,1769619069000
com.google.android.youtube,1769619816000
com.whatsapp,1769619891000
com.google.android.youtube,1769620523000
com.google.android.youtube,1769622233000
com.linkedin.android,1769622347000
com.whatsapp,1769624065000
com.google.android.youtube,1769624551000
com.whatsapp,1769625006000
com.instagram.android,1769625269000
com.google.android.youtube,1769626282000
com.instagram.android,1769626435000
com.google.android.youtube,1769627985000
com.linkedin.android,1769628645000
com.instagram.android,1769629286000
com.instagram.android,1769629600000
com.google.android.youtube,1769629824000
com.whatsapp,1769631716000
com.whatsapp,1769632141000
com.google.android.youtube,1769633570000
com.google.android.youtube,1769640464000
com.instagram.android,1769640921000
com.linkedin.android,1769641010000
com.google.android.youtube,1769643373000
com.google.android.youtube,1769644679000
com.instagram.android,1769645359000
com.whatsapp,1769648046000
com.google.android.youtube,1769653756000
com.google.android.youtube,1769659532000
com.whatsapp,1769661667000
com.google.android.youtube,1769662879000
com.google.android.youtube,1769663047000
com.google.android.youtube,1769666596000
com.google.android.youtube,1769667461000
com.google.android.youtube,1769669540000
com.linkedin.android,1769670142000
com.google.android.youtube,1769670217000
com.whatsapp,1769671387000
com.instagram.android,1769671842000
com.linkedin.android,1769673154000
com.google.android.youtube,1769673322000
com.whatsapp,1769673884000
com.instagram.android,1769674002000
com.whatsapp,1769675932000
com.linkedin.android,1769676549000
com.instagram.android,1769678799000
com.instagram.android,1769679931000
com.instagram.android,1769681845000
com.instagram.android,1769683610000
com.instagram.android,1769684043000
com.linkedin.android,1769684891000
com.whatsapp,1769685453000
com.linkedin.android,1769685624000
com.whatsapp,1769687266000
com.whatsapp,1769688312000
com.google.android.youtube,1769688804000
com.linkedin.android,1769689546000
com.linkedin.android,1769690286000
com.linkedin.android,1769691999000
com.linkedin.android,1769697217000
com.whatsapp,1769697931000
com.linkedin.android,1769698638000
com.whatsapp,1769698956000
com.google.android.youtube,1769699127000
com.google.android.youtube,1769699642000
com.google.android.youtube,1769699790000
com.whatsapp,1769700420000
com.google.android.youtube,1769700562000
com.whatsapp,1769700633000
com.google.android.youtube,1769702379000
com.google.android.youtube,1769702686000
com.instagram.android,1769702880000
com.google.android.youtube,1769702983000
com.instagram.android,1769703362000
com.whatsapp,1769703808000
com.google.android.youtube,1769703873000
com.whatsapp,1769705006000
com.whatsapp,1769706787000
com.google.android.youtube,1769707680000
com.whatsapp,1769708424000
com.linkedin.android,1769709459000
com.google.android.youtube,1769709569000
com.instagram.android,1769710560000
com.google.android.youtube,1769711054000
com.instagram.android,1769713130000
com.whatsapp,1769713188000
com.google.android.youtube,1769713241000
com.whatsapp,1769714047000
com.google.android.youtube,1769715272000
com.whatsapp,1769715378000
com.google.android.youtube,1769719881000
com.whatsapp,1769723220000
com.linkedin.android,1769726301000
com.whatsapp,1769730291000
com.google.android.youtube,1769730393000
com.whatsapp,1769730637000
com.google.android.youtube,1769732747000
com.whatsapp,1769744808000
com.whatsapp,1769747682000
com.google.android.youtube,1769750063000
com.google.android.youtube,1769750268000
com.google.android.youtube,1769752662000
com.google.android.youtube,1769753012000
com.google.android.youtube,1769755676000
com.google.android.youtube,1769755918000
com.whatsapp,1769757009000
com.linkedin.android,1769758122000
com.whatsapp,1769758186000
com.instagram.android,1769758220000
com.whatsapp,1769758270000
com.instagram.android,1769759281000
com.whatsapp,1769759437000
com.linkedin.android,1769760270000
com.linkedin.android,1769760982000
com.instagram.android,1769761114000
com.whatsapp,1769761470000
com.whatsapp,1769762084000
com.whatsapp,1769762297000
com.instagram.android,1769763631000
com.instagram.android,1769765975000
com.instagram.android,1769766606000
com.instagram.android,1769767272000
com.instagram.android,1769768406000
com.instagram.android,1769770528000
com.instagram.android,1769770607000
com.linkedin.android,1769771955000
com.linkedin.android,1769774345000
com.linkedin.android,1769774584000
com.linkedin.android,1769774833000
com.instagram.android,1769778956000
com.whatsapp,1769779272000
com.whatsapp,1769779523000
com.linkedin.android,1769779833000
com.whatsapp,1769781210000
com.whatsapp,1769781773000
com.whatsapp,1769782322000
com.whatsapp,1769785594000
com.instagram.android,1769785894000
com.whatsapp,1769786197000
com.google.android.youtube,1769786371000
com.instagram.android,1769786705000
com.google.android.youtube,1769787413000
com.whatsapp,1769787691000
com.linkedin.android,1769788099000
com.google.android.youtube,1769788393000
com.whatsapp,1769789148000
com.google.android.youtube,1769789287000
com.instagram.android,1769789452000
com.whatsapp,1769790517000
com.instagram.android,1769791275000
com.whatsapp,1769791345000
com.whatsapp,1769791823000
com.google.android.youtube,1769792094000
com.instagram.android,1769792844000
com.whatsapp,1769793358000
com.google.android.youtube,1769795257000
com.whatsapp,1769795549000
com.instagram.android,1769796396000
com.linkedin.android,1769797883000
com.whatsapp,1769798065000
com.instagram.android,1769799609000
com.google.android.youtube,1769800126000
com.linkedin.android,1769800315000
com.google.android.youtube,1769800630000
com.instagram.android,1769806402000
com.whatsapp,1769807620000
com.linkedin.android,1769810895000
com.whatsapp,1769811748000
com.whatsapp,1769816543000
com.linkedin.android,1769817433000
com.google.android.youtube,1769818722000
com.whatsapp,1769826916000
com.google.android.youtube,1769829861000
com.whatsapp,1769830285000
com.whatsapp,1769832705000
com.google.android.youtube,1769835548000
com.google.android.youtube,1769836214000
com.google.android.youtube,1769836638000
com.google.android.youtube,1769838461000
com.google.android.youtube,1769840012000
com.google.android.youtube,1769843768000
com.whatsapp,1769845625000
com.instagram.android,1769846563000
com.linkedin.android,1769848016000
com.whatsapp,1769848166000
com.instagram.android,1769849987000
com.instagram.android,1769850064000
com.instagram.android,1769850220000
com.instagram.android,1769854809000
com.instagram.android,1769855848000
com.instagram.android,1769856848000
com.instagram.android,1769856952000
com.whatsapp,1769859445000
com.linkedin.android,1769859540000
com.google.android.youtube,1769860243000
com.google.android.youtube,1769861869000
com.linkedin.android,1769863408000
com.linkedin.android,1769864928000
com.google.android.youtube,1769866329000
com.linkedin.android,1769868286000
com.google.android.youtube,1769868473000
com.whatsapp,1769869534000
com.instagram.android,1769871678000
com.google.android.youtube,1769872355000
com.google.android.youtube,1769873083000
com.linkedin.android,1769874527000
com.whatsapp,1769875093000
com.google.android.youtube,1769875911000
com.whatsapp,1769876089000
com.instagram.android,1769876237000
com.google.android.youtube,1769876341000
com.google.android.youtube,1769876491000
com.instagram.android,1769877527000
com.google.android.youtube,1769878604000
com.whatsapp,1769879328000
com.instagram.android,1769879542000
com.whatsapp,1769880034000
com.google.android.youtube,1769881500000
com.instagram.android,1769882235000
com.instagram.android,1769883018000
com.whatsapp,1769884755000
com.google.android.youtube,1769884902000
com.whatsapp,1769885016000
com.whatsapp,1769885480000
com.google.android.youtube,1769885974000
com.whatsapp,1769886295000
com.google.android.youtube,1769886825000
com.instagram.android,1769887073000
com.google.android.youtube,1769887486000
com.whatsapp,1769888841000
com.google.android.youtube,1769889344000
com.google.android.youtube,1769890591000
com.whatsapp,1769892623000
com.linkedin.android,1769895179000
com.google.android.youtube,1769896443000
com.whatsapp,1769896634000
com.instagram.android,1769899019000
com.whatsapp,1769899213000
com.google.android.youtube,1769901351000
com.google.android.youtube,1769908622000
com.linkedin.android,1769910646000
com.instagram.android,1769916552000
com.instagram.android,1769918152000
com.instagram.android,1769918451000
com.whatsapp,1769919139000
com.google.android.youtube,1769919789000
com.google.android.youtube,1769922256000
com.google.android.youtube,1769925050000
com.google.android.youtube,1769925980000
com.google.android.youtube,1769926366000
com.google.android.youtube,1769926868000
com.google.android.youtube,1769926928000
com.linkedin.android,1769929498000
com.google.android.youtube,1769931636000
com.linkedin.android,1769933445000
com.google.android.youtube,1769934053000
com.whatsapp,1769934180000
com.google.android.youtube,1769934530000
com.instagram.android,1769936590000
com.instagram.android,1769937618000
com.instagram.android,1769937902000
com.instagram.android,1769938461000
com.instagram.android,1769939136000
com.instagram.android,1769940637000
com.instagram.android,1769942262000
com.instagram.android,1769942744000
com.linkedin.android,1769943832000
com.whatsapp,1769945835000
com.linkedin.android,1769946746000
com.whatsapp,1769947558000
com.linkedin.android,1769948409000
com.whatsapp,1769948644000
com.linkedin.android,1769949258000
com.linkedin.android,1769949759000
com.linkedin.android,1769950688000
com.whatsapp,1769950907000
com.linkedin.android,1769951410000
com.whatsapp,1769952766000
com.whatsapp,1769954976000
com.whatsapp,1769956065000
com.linkedin.android,1769956613000
com.google.android.youtube,1769958017000
com.whatsapp,1769959096000
com.linkedin.android,1769960881000
com.whatsapp,1769961080000
com.google.android.youtube,1769961564000
com.whatsapp,1769961678000
com.google.android.youtube,1769963668000
com.whatsapp,1769964471000
com.instagram.android,1769965577000
com.google.android.youtube,1769966330000
com.instagram.android,1769966718000
com.whatsapp,1769967264000
com.google.android.youtube,1769967987000
com.instagram.android,1769968282000
com.google.android.youtube,1769969075000
com.whatsapp,1769969315000
com.google.android.youtube,1769969583000
com.whatsapp,1769969932000
com.instagram.android,1769970616000
com.whatsapp,1769971581000
com.instagram.android,1769972041000
com.linkedin.android,1769972873000
com.whatsapp,1769973479000
com.google.android.youtube,1769975421000
com.instagram.android,1769976513000
com.google.android.youtube,1769977690000
com.instagram.android,1769979436000
com.whatsapp,1769980957000
com.google.android.youtube,1769981105000
com.google.android.youtube,1769983528000
com.google.android.youtube,1769987872000
com.whatsapp,1769990195000
com.whatsapp,1769991688000
com.whatsapp,1769996861000
com.whatsapp,1769997465000
com.google.android.youtube,1770003731000
com.google.android.youtube,1770009347000
com.google.android.youtube,1770010782000
com.google.android.youtube,1770011258000
com.google.android.youtube,1770012074000
com.google.android.youtube,1770014225000
com.instagram.android,1770015699000
com.google.android.youtube,1770017139000
com.whatsapp,1770017626000
com.linkedin.android,1770019118000
com.google.android.youtube,1770019520000
com.google.android.youtube,1770021130000
com.whatsapp,1770022751000
com.instagram.android,1770023134000
com.instagram.android,1770025190000
com.instagram.android,1770025599000
com.instagram.android,1770026795000
com.linkedin.android,1770031486000
com.google.android.youtube,1770032864000
com.whatsapp,1770033140000
com.whatsapp,1770034403000
com.linkedin.android,1770036102000
com.whatsapp,1770037306000
com.linkedin.android,1770040034000
com.instagram.android,1770040410000
com.linkedin.android,1770041217000
com.linkedin.android,1770042558000
com.instagram.android,1770044893000
com.google.android.youtube,1770045021000
com.linkedin.android,1770045119000
com.whatsapp,1770045582000
com.google.android.youtube,1770046228000
com.instagram.android,1770046402000
com.instagram.android,1770047174000
com.instagram.android,1770047582000
com.google.android.youtube,1770047658000
com.instagram.android,1770047829000
com.linkedin.android,1770048247000
com.google.android.youtube,1770048463000
com.instagram.android,1770049196000
com.whatsapp,1770049334000
com.linkedin.android,1770050136000
com.instagram.android,1770050326000
com.linkedin.android,1770050673000
com.google.android.youtube,1770052882000
com.whatsapp,1770053144000
com.instagram.android,1770053833000
com.google.android.youtube,1770054401000
com.google.android.youtube,1770055710000
com.whatsapp,1770056423000
com.google.android.youtube,1770056885000
com.whatsapp,1770058880000
com.google.android.youtube,1770059602000
com.whatsapp,1770060430000
com.whatsapp,1770062363000
com.google.android.youtube,1770072078000
com.google.android.youtube,1770074398000
com.whatsapp,1770081569000
com.whatsapp,1770083065000
com.google.android.youtube,1770087980000
com.google.android.youtube,1770095825000
com.google.android.youtube,1770097898000
com.google.android.youtube,1770098249000
com.google.android.youtube,1770099321000
com.linkedin.android,1770102235000
com.linkedin.android,1770102546000
com.linkedin.android,1770103252000
com.google.android.youtube,1770104429000
com.linkedin.android,1770104541000
com.google.android.youtube,1770105419000
com.google.android.youtube,1770106625000
com.google.android.youtube,1770107754000
com.whatsapp,1770108037000
com.google.android.youtube,1770108167000
com.whatsapp,1770108670000
com.instagram.android,1770109471000
com.instagram.android,1770113142000
com.instagram.android,1770113686000
com.instagram.android,1770113819000
com.linkedin.android,1770117972000
com.google.android.youtube,1770118673000
com.google.android.youtube,1770120472000
com.whatsapp,1770120842000
com.whatsapp,1770121142000
com.instagram.android,1770122971000
com.linkedin.android,1770126020000
com.whatsapp,1770126403000
com.linkedin.android,1770126776000
com.whatsapp,1770126998000
com.linkedin.android,1770129604000
com.instagram.android,1770130814000
com.linkedin.android,1770131039000
com.instagram.android,1770132193000
com.whatsapp,1770132488000
com.google.android.youtube,1770132765000
com.instagram.android,1770132821000
com.whatsapp,1770133182000
com.google.android.youtube,1770133737000
com.instagram.android,1770134381000
com.whatsapp,1770134970000
com.whatsapp,1770135064000
com.whatsapp,1770135237000
com.google.android.youtube,1770135436000
com.whatsapp,1770135710000
com.instagram.android,1770136686000
com.google.android.youtube,1770137049000
com.google.android.youtube,1770137486000
com.google.android.youtube,1770137639000
com.google.android.youtube,1770138722000
com.instagram.android,1770140937000
com.linkedin.android,1770142996000
com.whatsapp,1770143418000
com.google.android.youtube,1770143681000
com.linkedin.android,1770144018000
com.whatsapp,1770144317000
com.google.android.youtube,1770145611000
com.google.android.youtube,1770146231000
com.instagram.android,1770146384000
com.google.android.youtube,1770146468000
com.google.android.youtube,1770147174000
com.instagram.android,1770147713000
com.whatsapp,1770152499000
com.google.android.youtube,1770153476000
com.whatsapp,1770159665000
com.linkedin.android,1770161781000
com.whatsapp,1770162720000
com.whatsapp,1770164114000
com.google.android.youtube,1770164310000
com.google.android.youtube,1770181304000
com.google.android.youtube,1770182588000
com.google.android.youtube,1770183024000
com.google.android.youtube,1770183225000
com.google.android.youtube,1770185066000
com.google.android.youtube,1770186238000
com.google.android.youtube,1770186290000
com.google.android.youtube,1770188388000
com.google.android.youtube,1770188922000
com.instagram.android,1770189296000
com.google.android.youtube,1770190001000
com.google.android.youtube,1770190135000
com.google.android.youtube,1770190417000
com.whatsapp,1770191739000
com.linkedin.android,1770191874000
com.whatsapp,1770192519000
com.google.android.youtube,1770193876000
com.whatsapp,1770195187000
com.instagram.android,1770197348000
com.instagram.android,1770197581000
com.instagram.android,1770198445000
com.instagram.android,1770199249000
com.instagram.android,1770201402000
com.whatsapp,1770202907000
com.linkedin.android,1770205617000
com.whatsapp,1770205786000
com.whatsapp,1770206088000
com.google.android.youtube,1770206513000
com.linkedin.android,1770206556000
com.whatsapp,1770207018000
com.linkedin.android,1770208982000
com.whatsapp,1770210335000
com.linkedin.android,1770210834000
com.whatsapp,1770212903000
com.whatsapp,1770214139000
com.linkedin.android,1770214663000
com.whatsapp,1770215498000
com.instagram.android,1770216745000
com.google.android.youtube,1770216909000
com.instagram.android,1770217313000
com.whatsapp,1770218298000
com.google.android.youtube,1770218654000
com.instagram.android,1770218862000
com.whatsapp,1770220302000
com.whatsapp,1770220583000
com.whatsapp,1770220937000
com.instagram.android,1770221107000
com.whatsapp,1770222234000
com.google.android.youtube,1770222240000
com.whatsapp,1770223846000
com.linkedin.android,1770224316000
com.google.android.youtube,1770224788000
com.whatsapp,1770224894000
com.instagram.android,1770225234000
com.linkedin.android,1770226879000
com.linkedin.android,1770227341000
com.google.android.youtube,1770227903000
com.instagram.android,1770228196000
com.whatsapp,1770229540000
com.google.android.youtube,1770230335000
com.instagram.android,1770230998000
com.linkedin.android,1770231385000
com.google.android.youtube,1770232886000
com.whatsapp,1770233966000
com.instagram.android,1770234449000
com.google.android.youtube,1770235100000
com.whatsapp,1770235855000
com.linkedin.android,1770237874000
com.whatsapp,1770239575000
com.google.android.youtube,1770241646000
com.whatsapp,1770241681000
com.whatsapp,1770243958000
com.linkedin.android,1770244393000
com.google.android.youtube,1770247222000
com.whatsapp,1770248760000
com.whatsapp,1770250178000
com.linkedin.android,1770250529000
com.google.android.youtube,1770250734000
com.instagram.android,1770255856000
com.whatsapp,1770256246000
com.google.android.youtube,1770256615000
com.instagram.android,1770256860000
com.linkedin.android,1770257199000
com.instagram.android,1770258865000
com.google.android.youtube,1770261030000
com.whatsapp,1770264140000
com.instagram.android,1770264234000
com.google.android.youtube,1770268495000
com.google.android.youtube,1770268909000
com.google.android.youtube,1770269473000
com.google.android.youtube,1770271268000
com.google.android.youtube,1770271372000
com.linkedin.android,1770274960000
com.instagram.android,1770275533000
com.whatsapp,1770276271000
com.google.android.youtube,1770276740000
com.instagram.android,1770277296000
com.linkedin.android,1770277928000
com.whatsapp,1770278613000
com.linkedin.android,1770278779000
com.linkedin.android,1770279457000
com.whatsapp,1770281544000
com.instagram.android,1770282350000
com.instagram.android,1770284609000
com.instagram.android,1770285703000
com.whatsapp,1770289426000
com.linkedin.android,1770290259000
com.google.android.youtube,1770291674000
com.linkedin.android,1770292483000
com.whatsapp,1770292934000
com.linkedin.android,1770294342000
com.whatsapp,1770296739000
com.linkedin.android,1770296915000
com.linkedin.android,1770297437000
com.linkedin.android,1770297810000
com.whatsapp,1770299962000
com.google.android.youtube,1770301303000
com.whatsapp,1770301408000
com.linkedin.android,1770302623000
com.linkedin.android,1770303673000
com.linkedin.android,1770303994000
com.whatsapp,1770304334000
com.whatsapp,1770304470000
com.whatsapp,1770304839000
com.linkedin.android,1770306108000
com.linkedin.android,1770306235000
com.instagram.android,1770306448000
com.linkedin.android,1770307552000
com.instagram.android,1770307633000
com.whatsapp,1770307955000
com.google.android.youtube,1770308331000
com.google.android.youtube,1770308676000
com.instagram.android,1770309117000
com.instagram.android,1770309907000
com.instagram.android,1770311528000
com.whatsapp,1770311901000
com.google.android.youtube,1770312020000
com.instagram.android,1770312779000
com.google.android.youtube,1770314155000
com.linkedin.android,1770314340000
com.google.android.youtube,1770315651000
com.linkedin.android,1770315762000
com.google.android.youtube,1770316683000
com.whatsapp,1770318134000
com.instagram.android,1770318253000
com.instagram.android,1770318952000
com.google.android.youtube,1770320119000
com.linkedin.android,1770320593000
com.whatsapp,1770333277000
com.google.android.youtube,1770334467000
com.whatsapp,1770337536000
com.whatsapp,1770341180000
com.google.android.youtube,1770345133000
com.whatsapp,1770345253000
com.google.android.youtube,1770354005000
com.google.android.youtube,1770357795000
com.google.android.youtube,1770359326000
com.google.android.youtube,1770359684000
com.google.android.youtube,1770361484000
com.instagram.android,1770361824000
com.google.android.youtube,1770363128000
com.linkedin.android,1770363440000
com.whatsapp,1770364795000
com.linkedin.android,1770365938000
com.whatsapp,1770366035000
com.google.android.youtube,1770366326000
com.linkedin.android,1770366806000
com.whatsapp,1770367308000
com.linkedin.android,1770368273000
com.instagram.android,1770368346000
com.instagram.android,1770369016000
com.instagram.android,1770371550000
com.instagram.android,1770372558000
com.linkedin.android,1770375601000
com.whatsapp,1770376200000
com.linkedin.android,1770376346000
com.whatsapp,1770377420000
com.linkedin.android,1770379548000
com.linkedin.android,1770380935000
com.whatsapp,1770381564000
com.linkedin.android,1770385280000
com.whatsapp,1770386013000
com.google.android.youtube,1770388448000
com.linkedin.android,1770389430000
com.google.android.youtube,1770390515000
com.instagram.android,1770391250000
com.google.android.youtube,1770391688000
com.instagram.android,1770392035000
com.instagram.android,1770394620000
com.whatsapp,1770394724000
com.instagram.android,1770394818000
com.linkedin.android,1770394987000
com.google.android.youtube,1770395596000
com.instagram.android,1770395663000
com.google.android.youtube,1770395910000
com.linkedin.android,1770397948000
com.whatsapp,1770398479000
com.linkedin.android,1770398584000
com.whatsapp,1770399306000
com.linkedin.android,1770400007000
com.whatsapp,1770401626000
com.instagram.android,1770402077000
com.linkedin.android,1770402602000
com.whatsapp,1770402713000
com.linkedin.android,1770402906000
com.google.android.youtube,1770403062000
com.instagram.android,1770405190000
com.whatsapp,1770406184000
com.whatsapp,1770407075000
com.linkedin.android,1770407218000
com.instagram.android,1770407872000
com.linkedin.android,1770410832000
com.instagram.android,1770411941000
com.whatsapp,1770432957000
com.google.android.youtube,1770435836000
com.whatsapp,1770435927000
com.google.android.youtube,1770440899000
com.google.android.youtube,1770441209000
com.google.android.youtube,1770445139000
com.whatsapp,1770448755000
com.google.android.youtube,1770449471000
com.whatsapp,1770449847000
com.instagram.android,1770450210000
com.instagram.android,1770450291000
com.linkedin.android,1770452822000
com.google.android.youtube,1770453270000
com.instagram.android,1770453401000
com.whatsapp,1770453617000
com.instagram.android,1770454423000
com.instagram.android,1770455160000
com.instagram.android,1770457956000
com.instagram.android,1770458688000
com.instagram.android,1770460792000
com.instagram.android,1770461033000
com.linkedin.android,1770464905000
com.linkedin.android,1770465799000
com.whatsapp,1770466458000
com.linkedin.android,1770466530000
com.whatsapp,1770468342000
com.google.android.youtube,1770468596000
com.linkedin.android,1770469506000
com.whatsapp,1770470242000
com.linkedin.android,1770470555000
com.whatsapp,1770472115000
com.linkedin.android,1770472440000
com.instagram.android,1770476110000
com.linkedin.android,1770476167000
com.whatsapp,1770477236000
com.google.android.youtube,1770477589000
com.whatsapp,1770478450000
com.google.android.youtube,1770478547000
com.whatsapp,1770478765000
com.google.android.youtube,1770479251000
com.instagram.android,1770481287000
com.linkedin.android,1770481434000
com.google.android.youtube,1770481537000
com.whatsapp,1770482293000
com.whatsapp,1770483786000
com.google.android.youtube,1770484972000
com.linkedin.android,1770485147000
com.google.android.youtube,1770485678000
com.instagram.android,1770486109000
com.google.android.youtube,1770486484000
com.whatsapp,1770487782000
com.instagram.android,1770487978000
com.google.android.youtube,1770489882000
com.linkedin.android,1770490567000
com.whatsapp,1770490754000
com.google.android.youtube,1770491313000
com.whatsapp,1770492821000
com.google.android.youtube,1770493228000
com.instagram.android,1770498445000
com.google.android.youtube,1770499653000
com.instagram.android,1770504813000
com.whatsapp,1770506800000
com.linkedin.android,1770507754000
com.whatsapp,1770508747000
com.whatsapp,1770509316000
com.instagram.android,1770519741000
com.google.android.youtube,1770527664000
com.google.android.youtube,1770529999000
com.google.android.youtube,1770530680000
com.google.android.youtube,1770531570000
com.google.android.youtube,1770533181000
com.whatsapp,1770534659000
com.whatsapp,1770535987000
com.linkedin.android,1770537149000
com.whatsapp,1770538443000
com.instagram.android,1770538718000
com.whatsapp,1770540304000
com.instagram.android,1770540610000
com.instagram.android,1770541417000
com.instagram.android,1770543757000
com.instagram.android,1770544267000
com.instagram.android,1770545732000
com.instagram.android,1770546971000
com.instagram.android,1770547389000
com.instagram.android,1770548340000
com.whatsapp,1770548977000
com.linkedin.android,1770549369000
com.whatsapp,1770550982000
com.linkedin.android,1770551154000
com.linkedin.android,1770551676000
com.whatsapp,1770552860000
com.linkedin.android,1770553016000
com.whatsapp,1770553837000
com.linkedin.android,1770554810000
com.google.android.youtube,1770555998000
com.instagram.android,1770556361000
com.linkedin.android,1770557797000
com.whatsapp,1770557853000
com.linkedin.android,1770558830000
com.instagram.android,1770559091000
com.linkedin.android,1770560395000
com.linkedin.android,1770560947000
com.instagram.android,1770561773000
com.google.android.youtube,1770562901000
com.instagram.android,1770563260000
com.google.android.youtube,1770564804000
com.whatsapp,1770564857000
com.google.android.youtube,1770566181000
com.instagram.android,1770566554000
com.google.android.youtube,1770568652000
com.whatsapp,1770568880000
com.google.android.youtube,1770569270000
com.instagram.android,1770569699000
com.google.android.youtube,1770570163000
com.instagram.android,1770572279000
com.google.android.youtube,1770575031000
com.whatsapp,1770576920000
com.linkedin.android,1770577661000
com.whatsapp,1770579026000
com.instagram.android,1770579114000
com.linkedin.android,1770579748000
com.instagram.android,1770580071000
com.instagram.android,1770586361000
com.google.android.youtube,1770586461000
com.whatsapp,1770588302000
com.google.android.youtube,1770592519000
com.instagram.android,1770593045000
com.instagram.android,1770595899000
com.whatsapp,1770596584000
com.whatsapp,1770598355000
com.google.android.youtube,1770598866000
com.google.android.youtube,1770605209000
com.linkedin.android,1770609605000
com.instagram.android,1770611091000
com.google.android.youtube,1770613092000
com.google.android.youtube,1770614149000
com.google.android.youtube,1770614821000
com.google.android.youtube,1770614943000
com.google.android.youtube,1770617605000
com.instagram.android,1770621044000
com.linkedin.android,1770622449000
com.whatsapp,1770622995000
com.instagram.android,1770623644000
com.linkedin.android,1770624084000
com.instagram.android,1770625548000
com.linkedin.android,1770625566000
com.instagram.android,1770625990000
com.linkedin.android,1770627472000
com.google.android.youtube,1770627526000
com.instagram.android,1770627983000
com.instagram.android,1770628181000
com.instagram.android,1770630991000
com.instagram.android,1770631447000
com.instagram.android,1770631895000
com.instagram.android,1770632992000
com.instagram.android,1770634338000
com.instagram.android,1770634508000
com.google.android.youtube,1770634901000
com.linkedin.android,1770635667000
com.whatsapp,1770636507000
com.linkedin.android,1770637449000
com.whatsapp,1770638975000
com.linkedin.android,1770639410000
com.whatsapp,1770641676000
com.linkedin.android,1770643330000
com.whatsapp,1770643662000
com.linkedin.android,1770644013000
com.google.android.youtube,1770645532000
com.linkedin.android,1770645644000
com.linkedin.android,1770646207000
com.whatsapp,1770647418000
com.google.android.youtube,1770649760000
com.whatsapp,1770650702000
com.whatsapp,1770651124000
com.instagram.android,1770651777000
com.linkedin.android,1770652502000
com.whatsapp,1770653175000
com.linkedin.android,1770653400000
com.google.android.youtube,1770653495000
com.google.android.youtube,1770655025000
com.google.android.youtube,1770655555000
com.linkedin.android,1770655634000
com.google.android.youtube,1770655962000
com.linkedin.android,1770656202000
com.instagram.android,1770656344000
com.whatsapp,1770657740000
com.instagram.android,1770659115000
com.whatsapp,1770659559000
com.instagram.android,1770660004000
com.whatsapp,1770661141000
com.google.android.youtube,1770661795000
com.google.android.youtube,1770662279000
com.whatsapp,1770662740000
com.google.android.youtube,1770662934000
com.instagram.android,1770663035000
com.google.android.youtube,1770664118000
com.whatsapp,1770664310000
com.google.android.youtube,1770666664000
com.instagram.android,1770666847000
com.instagram.android,1770672692000
com.google.android.youtube,1770673060000
com.linkedin.android,1770674939000
com.google.android.youtube,1770674948000
com.instagram.android,1770677501000
com.linkedin.android,1770679382000
com.google.android.youtube,1770685767000
com.instagram.android,1770688474000
com.whatsapp,1770689818000
com.whatsapp,1770697295000
com.whatsapp,1770698382000
com.google.android.youtube,1770701175000
com.google.android.youtube,1770701410000
com.google.android.youtube,1770701712000
com.google.android.youtube,1770703505000
com.google.android.youtube,1770704636000
com.google.android.youtube,1770705104000
com.google.android.youtube,1770708430000
com.linkedin.android,1770708895000
com.whatsapp,1770709001000
com.linkedin.android,1770711144000
com.instagram.android,1770711263000
com.whatsapp,1770711567000
com.google.android.youtube,1770712067000
com.instagram.android,1770712769000
com.instagram.android,1770714495000
com.instagram.android,1770715414000
com.instagram.android,1770716916000
com.instagram.android,1770717868000
com.instagram.android,1770718057000
com.instagram.android,1770718703000
com.instagram.android,1770720182000
com.instagram.android,1770721164000
com.linkedin.android,1770721598000
com.whatsapp,1770723638000
com.linkedin.android,1770723792000
com.whatsapp,1770723840000
com.linkedin.android,1770724778000
com.linkedin.android,1770725297000
com.linkedin.android,1770726565000
com.google.android.youtube,1770727219000
com.linkedin.android,1770727547000
com.instagram.android,1770727608000
com.whatsapp,1770729378000
com.linkedin.android,1770731531000
com.linkedin.android,1770731801000
com.linkedin.android,1770732020000
com.whatsapp,1770732369000
com.linkedin.android,1770732662000
com.linkedin.android,1770734899000
com.whatsapp,1770734976000
com.whatsapp,1770736268000
com.instagram.android,1770736453000
com.whatsapp,1770737789000
com.google.android.youtube,1770737970000
com.instagram.android,1770738571000
com.google.android.youtube,1770738760000
com.google.android.youtube,1770738923000
com.google.android.youtube,1770739075000
com.instagram.android,1770739764000
com.google.android.youtube,1770740924000
com.linkedin.android,1770741351000
com.whatsapp,1770741590000
com.whatsapp,1770742423000
com.google.android.youtube,1770742665000
com.google.android.youtube,1770742690000
com.linkedin.android,1770742886000
com.google.android.youtube,1770743170000
com.whatsapp,1770743839000
com.linkedin.android,1770744165000
com.whatsapp,1770744344000
com.google.android.youtube,1770745596000
com.linkedin.android,1770746021000
com.instagram.android,1770747640000
com.whatsapp,1770748175000
com.instagram.android,1770749125000
com.linkedin.android,1770749336000
com.whatsapp,1770750121000
com.whatsapp,1770752437000
com.google.android.youtube,1770754549000
com.google.android.youtube,1770755431000
com.instagram.android,1770758658000
com.linkedin.android,1770763070000
com.whatsapp,1770763317000
com.whatsapp,1770764800000
com.google.android.youtube,1770770171000
com.whatsapp,1770771997000
com.whatsapp,1770780651000
com.whatsapp,1770782171000
com.google.android.youtube,1770784178000
com.linkedin.android,1770785232000
com.google.android.youtube,1770786373000
com.google.android.youtube,1770788246000
com.google.android.youtube,1770788529000
com.google.android.youtube,1770788851000
com.google.android.youtube,1770790163000
com.google.android.youtube,1770790381000
com.google.android.youtube,1770792275000
com.linkedin.android,1770793782000
com.whatsapp,1770793890000
com.linkedin.android,1770794140000
com.instagram.android,1770794405000
com.whatsapp,1770795234000
com.google.android.youtube,1770797942000
com.linkedin.android,1770798218000
com.whatsapp,1770799183000
com.instagram.android,1770800221000
com.instagram.android,1770800518000
com.instagram.android,1770801905000
com.instagram.android,1770802058000
com.instagram.android,1770802221000
com.instagram.android,1770802950000
com.instagram.android,1770804455000
com.instagram.android,1770805311000
com.whatsapp,1770807659000
com.linkedin.android,1770809894000
com.linkedin.android,1770812430000
com.google.android.youtube,1770813507000
com.linkedin.android,1770814338000
com.linkedin.android,1770815566000
com.whatsapp,1770815767000
com.whatsapp,1770816701000
com.google.android.youtube,1770817052000
com.linkedin.android,1770818076000
com.linkedin.android,1770819698000
com.whatsapp,1770819721000
com.linkedin.android,1770820107000
com.whatsapp,1770821027000
com.whatsapp,1770822309000
com.instagram.android,1770822565000
com.google.android.youtube,1770822869000
com.linkedin.android,1770823129000
com.google.android.youtube,1770823501000
com.linkedin.android,1770824847000
com.google.android.youtube,1770825868000
com.google.android.youtube,1770826824000
com.instagram.android,1770827152000
com.whatsapp,1770827706000
com.instagram.android,1770828484000
com.whatsapp,1770829159000
com.whatsapp,1770829523000
com.instagram.android,1770830306000
com.whatsapp,1770831440000
com.linkedin.android,1770833173000
com.instagram.android,1770833451000
com.whatsapp,1770834158000
com.instagram.android,1770834457000
com.whatsapp,1770835288000
com.google.android.youtube,1770836683000
com.instagram.android,1770837137000
com.instagram.android,1770838222000
com.whatsapp,1770838539000
com.linkedin.android,1770839019000
com.whatsapp,1770839327000
com.linkedin.android,1770839396000
com.google.android.youtube,1770844445000
com.whatsapp,1770844703000
com.google.android.youtube,1770847072000
com.whatsapp,1770854392000
com.linkedin.android,1770855414000
com.google.android.youtube,1770855457000
com.google.android.youtube,1770858511000
com.instagram.android,1770859256000
com.instagram.android,1770861655000
com.whatsapp,1770862410000
com.google.android.youtube,1770865580000
com.instagram.android,1770865916000
com.whatsapp,1770868520000
com.google.android.youtube,1770869319000
com.linkedin.android,1770871216000
com.google.android.youtube,1770873044000
com.google.android.youtube,1770875067000
com.google.android.youtube,1770875461000
com.google.android.youtube,1770876904000
com.whatsapp,1770880021000
com.linkedin.android,1770880725000
com.whatsapp,1770880884000
com.google.android.youtube,1770880935000
com.linkedin.android,1770882435000
com.whatsapp,1770883404000
com.linkedin.android,1770885053000
com.whatsapp,1770885166000
com.instagram.android,1770886280000
com.whatsapp,1770886772000
com.instagram.android,1770886869000
com.instagram.android,1770888957000
com.instagram.android,1770891283000
com.instagram.android,1770892415000
com.instagram.android,1770893091000
com.google.android.youtube,1770895676000
com.linkedin.android,1770896740000
com.whatsapp,1770899903000
com.linkedin.android,1770900429000
com.whatsapp,1770901238000
com.linkedin.android,1770902165000
com.whatsapp,1770903706000
com.linkedin.android,1770904551000
com.linkedin.android,1770905417000
com.whatsapp,1770907592000
com.linkedin.android,1770907836000
com.whatsapp,1770908507000
com.google.android.youtube,1770908551000
com.whatsapp,1770908832000
com.instagram.android,1770909584000
com.linkedin.android,1770909688000
com.whatsapp,1770910342000
com.google.android.youtube,1770910591000
com.whatsapp,1770911048000
com.google.android.youtube,1770911826000
com.instagram.android,1770912114000
com.whatsapp,1770912668000
com.instagram.android,1770912733000
com.whatsapp,1770913787000
com.google.android.youtube,1770914163000
com.linkedin.android,1770914432000
com.instagram.android,1770914530000
com.whatsapp,1770914875000
com.instagram.android,1770915298000
com.whatsapp,1770916099000
com.google.android.youtube,1770917679000
com.instagram.android,1770917821000
com.google.android.youtube,1770918763000
com.instagram.android,1770919375000
com.linkedin.android,1770920385000
com.whatsapp,1770921459000
com.whatsapp,1770921587000
com.google.android.youtube,1770921779000
com.whatsapp,1770922796000
com.instagram.android,1770923394000
com.whatsapp,1770923676000
com.instagram.android,1770924094000
com.whatsapp,1770925871000
com.whatsapp,1770926992000
com.linkedin.android,1770927678000
com.whatsapp,1770928090000
com.instagram.android,1770931864000
com.whatsapp,1770932231000
com.whatsapp,1770933742000
com.whatsapp,1770936616000
com.linkedin.android,1770943108000
com.instagram.android,1770943212000
com.whatsapp,1770943536000
com.google.android.youtube,1770945721000
com.google.android.youtube,1770947110000
com.google.android.youtube,1770953057000
com.instagram.android,1770954398000
com.whatsapp,1770954561000
com.google.android.youtube,1770956466000
com.instagram.android,1770957288000
com.whatsapp,1770958770000
com.google.android.youtube,1770958818000
com.google.android.youtube,1770960653000
com.google.android.youtube,1770962474000
com.google.android.youtube,1770964732000
com.google.android.youtube,1770965704000
com.instagram.android,1770966249000
com.linkedin.android,1770967257000
com.google.android.youtube,1770968152000
com.instagram.android,1770968750000
com.linkedin.android,1770968801000
com.whatsapp,1770969405000
com.linkedin.android,1770970589000
com.linkedin.android,1770971185000
com.linkedin.android,1770971515000
com.instagram.android,1770971742000
com.linkedin.android,1770972060000
com.instagram.android,1770973549000
com.instagram.android,1770974948000
com.instagram.android,1770975846000
com.instagram.android,1770977163000
com.whatsapp,1770982478000
com.google.android.youtube,1770982873000
com.whatsapp,1770984644000
com.whatsapp,1770987947000
com.linkedin.android,1770989525000
com.whatsapp,1770991202000
com.linkedin.android,1770991562000
com.whatsapp,1770991969000
com.linkedin.android,1770992026000
com.google.android.youtube,1770992326000
com.whatsapp,1770994829000
com.instagram.android,1770995445000
com.google.android.youtube,1770996760000
com.google.android.youtube,1770997103000
com.instagram.android,1770997453000
com.google.android.youtube,1770998646000
com.linkedin.android,1770998931000
com.google.android.youtube,1770998989000
com.whatsapp,1770999317000
com.google.android.youtube,1771000282000
com.linkedin.android,1771001283000
com.google.android.youtube,1771001481000
com.whatsapp,1771001767000
com.google.android.youtube,1771002248000
com.linkedin.android,1771002324000
com.whatsapp,1771002954000
com.google.android.youtube,1771003435000
com.google.android.youtube,1771004806000
com.linkedin.android,1771005913000
com.whatsapp,1771006161000
com.instagram.android,1771006518000
com.whatsapp,1771006633000
com.google.android.youtube,1771008712000
com.google.android.youtube,1771008773000
com.google.android.youtube,1771009996000
com.instagram.android,1771010473000
com.linkedin.android,1771011945000
com.whatsapp,1771012611000
com.instagram.android,1771012810000
com.linkedin.android,1771014522000
com.whatsapp,1771016007000
com.google.android.youtube,1771021639000
com.whatsapp,1771022343000
com.whatsapp,1771024465000
com.whatsapp,1771029135000
com.whatsapp,1771031571000
com.linkedin.android,1771038974000
com.google.android.youtube,1771041016000
com.instagram.android,1771043678000
com.google.android.youtube,1771046489000
com.google.android.youtube,1771046623000
com.google.android.youtube,1771050055000
com.google.android.youtube,1771052009000
com.instagram.android,1771052615000
com.whatsapp,1771053306000
com.whatsapp,1771054771000
com.linkedin.android,1771057397000
com.whatsapp,1771058818000
com.instagram.android,1771059873000
com.instagram.android,1771063600000
com.instagram.android,1771064270000
com.instagram.android,1771066943000
com.linkedin.android,1771068412000
com.whatsapp,1771069692000
com.whatsapp,1771070739000
com.linkedin.android,1771071320000
com.whatsapp,1771073101000
com.whatsapp,1771075723000
com.whatsapp,1771076371000
com.google.android.youtube,1771078072000
com.linkedin.android,1771078978000
com.whatsapp,1771079032000
com.whatsapp,1771080031000
com.linkedin.android,1771080489000
com.google.android.youtube,1771082304000
com.whatsapp,1771083324000
com.whatsapp,1771083801000
com.google.android.youtube,1771084080000
com.instagram.android,1771084192000
com.whatsapp,1771084666000
com.google.android.youtube,1771084873000
com.whatsapp,1771086128000
com.google.android.youtube,1771086340000
com.instagram.android,1771087571000
com.google.android.youtube,1771087676000
com.linkedin.android,1771087982000
com.google.android.youtube,1771088540000
com.instagram.android,1771088654000
com.google.android.youtube,1771091257000
com.whatsapp,1771092480000
com.instagram.android,1771092644000
com.instagram.android,1771093493000
com.instagram.android,1771096082000
com.google.android.youtube,1771096281000
com.instagram.android,1771096830000
com.whatsapp,1771097913000
com.linkedin.android,1771098170000
com.whatsapp,1771098360000
com.google.android.youtube,1771103098000
com.linkedin.android,1771103355000
com.whatsapp,1771109264000
com.linkedin.android,1771115464000
com.whatsapp,1771119162000
com.whatsapp,1771129310000
com.google.android.youtube,1771130284000
com.google.android.youtube,1771130478000
com.google.android.youtube,1771131640000
com.google.android.youtube,1771133859000
com.google.android.youtube,1771134735000
com.google.android.youtube,1771135230000
com.google.android.youtube,1771137736000
com.google.android.youtube,1771139696000
com.whatsapp,1771140582000
com.linkedin.android,1771141191000
com.google.android.youtube,1771141348000
com.google.android.youtube,1771144850000
com.instagram.android,1771147628000
com.instagram.android,1771148971000
com.instagram.android,1771149884000
com.instagram.android,1771152662000
com.linkedin.android,1771155155000
com.whatsapp,1771155643000
com.google.android.youtube,1771156027000
com.linkedin.android,1771156675000
com.linkedin.android,1771157106000
com.whatsapp,1771162361000
com.instagram.android,1771162846000
com.linkedin.android,1771164382000
com.google.android.youtube,1771165132000
com.instagram.android,1771166795000
com.instagram.android,1771167918000
com.whatsapp,1771168572000
com.whatsapp,1771170454000
com.whatsapp,1771171360000
com.instagram.android,1771172377000
com.whatsapp,1771172437000
com.instagram.android,1771172702000
com.google.android.youtube,1771173337000
com.whatsapp,1771173405000
com.google.android.youtube,1771174000000
com.google.android.youtube,1771175508000
com.google.android.youtube,1771175818000
com.instagram.android,1771176485000
com.whatsapp,1771177031000
com.google.android.youtube,1771177931000
com.whatsapp,1771178326000
com.google.android.youtube,1771178775000
com.whatsapp,1771178997000
com.google.android.youtube,1771179235000
com.whatsapp,1771180838000
com.google.android.youtube,1771181401000
com.whatsapp,1771184040000
com.whatsapp,1771184131000
com.whatsapp,1771185054000
com.google.android.youtube,1771185393000
com.google.android.youtube,1771188505000
com.google.android.youtube,1771191204000
com.google.android.youtube,1771196573000
com.whatsapp,1771199153000
com.google.android.youtube,1771201819000
com.linkedin.android,1771202389000
com.google.android.youtube,1771203328000
com.instagram.android,1771204616000
com.google.android.youtube,1771205978000
com.google.android.youtube,1771206009000
com.whatsapp,1771207388000
com.google.android.youtube,1771212034000
com.instagram.android,1771212613000
com.linkedin.android,1771214422000
com.google.android.youtube,1771215987000
com.google.android.youtube,1771218124000
com.google.android.youtube,1771218457000
com.google.android.youtube,1771221082000
com.google.android.youtube,1771221283000
com.google.android.youtube,1771221699000
com.google.android.youtube,1771224017000
com.whatsapp,1771225895000
com.linkedin.android,1771227081000
com.linkedin.android,1771227737000
com.instagram.android,1771228509000
com.linkedin.android,1771229398000
com.whatsapp,1771230302000
com.linkedin.android,1771230948000
com.instagram.android,1771232516000
com.instagram.android,1771235824000
com.instagram.android,1771235970000
com.instagram.android,1771236460000
com.instagram.android,1771237239000
com.instagram.android,1771237830000
com.whatsapp,1771240766000
com.linkedin.android,1771241128000
com.whatsapp,1771241848000
com.linkedin.android,1771242682000
com.linkedin.android,1771243456000
com.linkedin.android,1771244274000
com.linkedin.android,1771245577000
com.linkedin.android,1771247581000
com.whatsapp,1771249625000
com.whatsapp,1771251752000
com.instagram.android,1771251806000
com.whatsapp,1771254754000
com.google.android.youtube,1771254947000
com.instagram.android,1771256415000
com.google.android.youtube,1771256696000
com.instagram.android,1771256706000
com.whatsapp,1771257044000
com.google.android.youtube,1771257380000
com.instagram.android,1771258150000
com.linkedin.android,1771259135000
com.google.android.youtube,1771259349000
com.instagram.android,1771259775000
com.instagram.android,1771260050000
com.linkedin.android,1771260185000
com.google.android.youtube,1771260449000
com.whatsapp,1771260645000
com.google.android.youtube,1771260693000
com.instagram.android,1771261172000
com.instagram.android,1771262573000
com.whatsapp,1771262723000
com.whatsapp,1771262904000
com.google.android.youtube,1771263627000
com.google.android.youtube,1771264082000
com.google.android.youtube,1771264962000
com.instagram.android,1771265950000
com.linkedin.android,1771266060000
com.google.android.youtube,1771266286000
com.instagram.android,1771266642000
com.google.android.youtube,1771268378000
com.whatsapp,1771268935000
com.instagram.android,1771269610000
com.linkedin.android,1771270181000
com.whatsapp,1771270922000
com.whatsapp,1771272085000
com.instagram.android,1771278553000
com.google.android.youtube,1771282836000
com.whatsapp,1771288819000
com.google.android.youtube,1771293954000
com.instagram.android,1771298429000
com.google.android.youtube,1771301229000
com.whatsapp,1771304153000
com.google.android.youtube,1771304666000
com.google.android.youtube,1771308553000
com.google.android.youtube,1771308888000
com.whatsapp,1771312120000
com.linkedin.android,1771315137000
com.whatsapp,1771315397000
com.google.android.youtube,1771315573000
com.instagram.android,1771318048000
com.whatsapp,1771318149000
com.instagram.android,1771318599000
com.whatsapp,1771318723000
com.instagram.android,1771318820000
com.instagram.android,1771319796000
com.instagram.android,1771321944000
com.instagram.android,1771322760000
com.instagram.android,1771324260000
com.whatsapp,1771326033000
com.linkedin.android,1771329104000
com.linkedin.android,1771330685000
com.linkedin.android,1771331012000
com.whatsapp,1771333108000
com.whatsapp,1771333190000
com.google.android.youtube,1771334240000
com.linkedin.android,1771334673000
com.whatsapp,1771337243000
com.google.android.youtube,1771338255000
com.linkedin.android,1771338302000
com.google.android.youtube,1771339287000
com.linkedin.android,1771340012000
com.google.android.youtube,1771340130000
com.google.android.youtube,1771341441000
com.whatsapp,1771342066000
com.instagram.android,1771342220000
com.whatsapp,1771342965000
com.instagram.android,1771344015000
com.google.android.youtube,1771344832000
com.instagram.android,1771345107000
com.whatsapp,1771345524000
com.instagram.android,1771346527000
com.google.android.youtube,1771348204000
com.whatsapp,1771348593000
com.whatsapp,1771348620000
com.google.android.youtube,1771348726000
com.google.android.youtube,1771349144000
com.whatsapp,1771349581000
com.google.android.youtube,1771350292000
com.whatsapp,1771350318000
com.instagram.android,1771351291000
com.whatsapp,1771351695000
com.google.android.youtube,1771352061000
com.whatsapp,1771354113000
com.linkedin.android,1771354462000
com.whatsapp,1771354934000
com.instagram.android,1771355837000
com.whatsapp,1771356893000
com.instagram.android,1771356904000
com.whatsapp,1771358530000
